<?xml version="1.0" encoding="utf-8"?>
<scenario xmlns="urn:perfcake:scenario:3.0">
    <generator class="DefaultMessageGenerator" threads="${thread.count:10}">
        <run type="time" value="10000"/>
    </generator>
    <sender class="HttpSender">
        <property name="target" value="http://httpbin.org"/>
    </sender>
    <reporting>
        <reporter class="ResponseTimeStatsReporter">
            <property name="minimumEnabled" value="false"/>
            <property name="maximumEnabled" value="false"/>
            <destination class="ConsoleDestination">
                <period type="time" value="2000"/>
            </destination>
        </reporter>
    </reporting>
</scenario>
